comments,link,post,subreddit_url
,https://i.redd.it/s2qwg6zwws2d1.jpeg,Kolkata Knight Riders are the champions of IPL 2024. Congratulations.,https://old.reddit.com/r/ipl/
,https://i.redd.it/kyj7lrlnyv2d1.jpeg,Everyone is copying the Harshit Rana flying kiss lmao XD,https://old.reddit.com/r/ipl/
,https://i.redd.it/ijwxvf3vbu2d1.jpeg,This is how you take a loss. RCB and CSK fans need to learn something from them.,https://old.reddit.com/r/ipl/
,https://alb.reddit.com/cr?za=sOKPRh7a-TBXHYk9HwOMPH-aRAXHQo7kSNXE3kxgMwyo74aBuZ-OJmUs1aaT4qB_omx1sLypqeToIGHEmCGlrqntbmIsgoxyUFuG1wxZAN3yHuA2J5fnPzI3YJOf2gJXzbazbsoBfEbuzAJqLMElV-tO3dm1rPNMcfNmoHVKqsJFa_1DOvHMJJ1dC0TEmauAgDA1U8aD-o2JnWDpdgSqInxX8Hrf6d6j-bdmNf9DvuHLpzHohvd0U8_tw-tuu2KgBMCEKYX4lE5CQOWJX_oDtcnC8yKI3bTkBvmREDFJFNzq7PnWbP7d4Qe0mTo33_yMYWxqxwyQQf7xB2MHDeYL0nlYdIvhamQlI3Gl0FuGyW_fF9wYtQn7gT1rFvukbCDHQ5wFbSetVCei1XyQwoonbB-HbGcgV_PQJi_BehTSyRGp_6PXjB-F0gZCS2ImEsKUrrkurDt8pSOk1jvxy_dtWqrwscTuz6u5q_kP8IoHOev8-UvivdgYFeqRsVLRchOICjuHt6dSMxOYnanEFB9_IcrdzSanKh5Uco3oEMC0TQql6reMSq8ME9qR4TdvjTU77IOV5-1a43uC3GZDFfJj7i0uf-GVixYNDOyk6TzBeagGyzRnLGWPF0TKOkIEWHtePmQBOMgfQxxhtUQm8NL-1Y38nEOjzO5Hphqwza_Ar66ecdSMziE1dk4mvrCARhwfi0x1fRI&zp=45yD0aH9qwyGJHWGlXFjmSIK0cCjCjQppczCKxcYvcTx3crk_oaZBrSsgEWJA1uZLjGtm2IwyFNV2ukJJo7UqRtkme6YOgmDu9_62JRVr18_RIR5tepFKY15873KPySZNnvKkw-lG5LvOdb8wOiafvPJ91RJkcPT2KctHzRg2Al5hPkisTcnFpa7JuEcmRQLxD9Efdwlo-JQvINXkwOoMwocISjQzc1Q6ti1KfwpQFrRgoF8FRLCsRA_98EBszTAv8M9egHO4mo3FgjM9IBiFwJHJ8F1jbkEzRdLVg,The final battle of the Light & Darkness Saga is almost here. Rally your fireteams. Pre-order now.,https://old.reddit.com/r/ipl/
,https://v.redd.it/vsy0lb7d3t2d1,Oh boy...she got emotional,https://old.reddit.com/r/ipl/
,https://i.redd.it/z05kel2dks2d1.jpeg,SRH-113/10. Lowest Total in IPL final History,https://old.reddit.com/r/ipl/
,https://i.redd.it/772oh1rj0t2d1.jpeg,Top drawer stuff KKR and excellent captaincy by Shreyas. This has got to be the most boring IPL final ever,https://old.reddit.com/r/ipl/
,https://v.redd.it/yoo6ymes6w2d1,"""It's not the Orange Cap that wins you the IPL...."" - Ambati Raydu",https://old.reddit.com/r/ipl/
,https://v.redd.it/a87jja2a5s2d1,What a delivery!!!!!!!!!!!!!!!! All money he was picked for is returned ğŸ”¥ğŸ”¥ğŸ”¥,https://old.reddit.com/r/ipl/
,https://i.redd.it/dvlpeludxw2d1.jpeg,How come Ultraedge and ball tracking was down in an IPL FINAL???,https://old.reddit.com/r/ipl/
,https://i.redd.it/vzld5nxyrw2d1.png,The final to be replayed,https://old.reddit.com/r/ipl/
,https://i.redd.it/jtl9jge93s2d1.jpeg,Starc in knockouts is a menace,https://old.reddit.com/r/ipl/
,/r/ipl/comments/1d1jx3z/salty_fans_hating_kkrs_success/,Salty Fans hating KKR's success.,https://old.reddit.com/r/ipl/
,https://i.redd.it/5n5fxclhlt2d1.gif,KKR is banned from playing in the IPL from now on,https://old.reddit.com/r/ipl/
,https://i.redd.it/hmdo584qpt2d1.jpeg,It's all circle of life ğŸ˜˜,https://old.reddit.com/r/ipl/
,https://alb.reddit.com/cr?za=aTrQlxTa8RCpbkj8PJaGIrz2ley0IpeePQIsVVfrmyq64_oUsaLuzwjbBWnKZAj0c01vrmIoNAtUecRjUJwvw-7BUuaDuggNXOVwrchwqnNXQUjdG8u452VUMrUQsL8ZF00Jnb1VVO4Xr_m2acO0YgM_N_9x4EntVo2nfR4BsvJQT3fAWjdx-TDz5a9PLE4yzgi-s9fwVQKTykFfEcH1zxaiPYAEhl9zg8RAVxmZHlZ7DfP0ddpl_7SCOaxnNKgs-pMz_gjA0D7kWY8dJgHZmftN8qbAmTnRx523MKuL850WzVxNu2Ry6abLnT8Whm4WfrgMVOSiaM9wUMKg3NvbFqCBeqWsergfess6PunaDBfiwsSRJn_i3eHGn06o9wqk5x7jvBFE95rE9sI-Ic0WuII31GHwTWQ8HqnAVNTJDwls8TtOj6Y3op2K3KUi&zp=tyX6V361MyAd3tRPRN-DYBc2tm2IwKcD93qjlSuIY24jzqfsY7MjMHIpoQnNTJRVGMsMXSOjyufbMnCWvDlbKuhwhkclWEMvTETL7jP7vIgPedLWLcQst_Y8QshaS7aFcMy6z1x2uucaQ9knG2WVwddtoPctn7tH7Un7MqW8522-mFXFIFctd-YDN074AqugbZNivIiOw7qVrmwTi8Sn9e2WMWTzpwWjgVxEnvxVLtEdwBh68ljt04yvyrT8djzZhmhZhnghvnMTes-PNW7cp-rjpfan8Lb82By354XFVKV4P64w9whVlI8JobtFOPTd1AuIwUkNHdo2FqHcrKR-K-W6S3sPdbrRR-nW9UbVxf6z29vB5kt85kZY,"AccurateÂ¹ glucose levels, even on the go. Get your levels straight to your smartphone* â€“ with the FreeStyle Libre 3 system. Focus on the fun parts of travel planning! #diabetes #teamfreestylelibre",https://old.reddit.com/r/ipl/
,https://i.redd.it/wt8f20rl1t2d1.jpeg,What Are Your Thoughts On Gautam Gambhir As A Mentor?,https://old.reddit.com/r/ipl/
,https://i.redd.it/qp3ypnl5ys2d1.jpeg,No way both are laughing together ğŸ˜­ğŸ˜­ Well Played KKR,https://old.reddit.com/r/ipl/
,https://i.redd.it/8placvam8t2d1.jpeg,Lovely gesture from KKR ğŸ¤,https://old.reddit.com/r/ipl/
,https://i.redd.it/ad4ky6keks2d1.png,"SRH register the lowest total in IPL final, KKR need 114 runs to win IPL 2024",https://old.reddit.com/r/ipl/
,https://i.redd.it/92kkc5vu2t2d1.png,"19 wickets, 1 match ban, 2 washouts. If he's not the emerging player, don't know who is",https://old.reddit.com/r/ipl/
,https://v.redd.it/7jk8kt2sjt2d1,BCCI banning SRK from attending matches,https://old.reddit.com/r/ipl/
,https://v.redd.it/ijmklcyfyv2d1,Revisiting the old memories âœ¨,https://old.reddit.com/r/ipl/
,https://v.redd.it/oj96ub0obs2d1,It just wasn't our day ..,https://old.reddit.com/r/ipl/
,https://i.redd.it/6jrsqgzzks2d1.jpeg,This explains why Gautam Gambhir smiled that day at the auction,https://old.reddit.com/r/ipl/
,https://i.redd.it/35yy4mojzs2d1.jpeg,"With this finals, we have the official BIG 3 - MI,CSK,KKR.",https://old.reddit.com/r/ipl/
,https://i.redd.it/hx2opyai7s2d1.jpeg,What is this sorcery by Starc? ğŸ˜®,https://old.reddit.com/r/ipl/
,/user/ibm/comments/1cz1lxe/hi_reddit_im_edward_calvesbert_vp_product/,"Hi Reddit! Iâ€™m Edward Calvesbert, VP, Product Management, watsonx at IBM. Gen AI is revolutionizing how the world works, but its success hinges on smart data management. Join me on 5/30 at 1PM ET to dig into how data can power AI solutions that boost efficiency and solve real-world problems. AMA!",https://old.reddit.com/r/ipl/
,https://i.redd.it/tlmbpfdnws2d1.jpeg,We understood it wrong. They meant to say they will be silent ğŸ¤« for rest of the year.,https://old.reddit.com/r/ipl/
"Final should be played between PBKS and PBKS for it to be entertaining,Everytime 2-3 wickets goes down in less than first 10 runs. ,RCB: Aaj shayad record tut jaye ğŸ˜‚ğŸ˜‚ğŸ˜‚ğŸ˜‚ğŸ˜‚,Rule 1 : Don't argue with rcb fans, just say 49 and leave.,Finally,Yes it was boring I mean we hoped something really really thrilling especially with that preview video of finals both Shreyas and Cummins having some scripted chat all that. No disrespect to kkr... but srh come on bro could've been better way better. I expected so much from Markram especially in these situations. Sadly he couldn't. 
Good tournament 
Deserving team got it's trophy. Even I though I expected to see a close battle, I knew it's gonna be one sided. It's only these ipl kids saying it doesn't count and shit. Don't shit on all rcb fans,Breaking SRH chooses RCB for that match and ask kkr to repeat 49",https://i.redd.it/vzld5nxyrw2d1.png,The final to be replayed,https://old.reddit.com/r/ipl/
"Insanity , absolute insanity,no bowler on the planet is better than him in the matches that matter the most.,With that setup and that absolute stunner of a wicket ball, I doubt any left hander would have gone unscathed through that ball. Absolutely beautiful from Starc,Travis ki g*nd itni phat gayi iss ball se ki vaibhav ko hi wicket de baitha,Starc ğŸ«¦,That was best delivery of ipl, starc bid was steal,He just took the wicket of tripathi,Just saying, could've been Travis if he didn't give up the strike to him.,how can sunrisers win?,ans: ban harshit rana,Abhishek was schooled there with a test match setup.In first 3 balls starc gave enough width to free his arms and then bang with a late outswiner,Definition of jaffa,Travis Head knew what he was doing when asking Abhishek Sharma to take strike todayğŸ˜‚
Nevertheless ended with a duck ğŸ˜­,He got Tripathi out too,And SRH folded like papers today. So much hope and this is the result.,The real problem starts from 29th imagine both Australian Cummins and starc in final gonna play in the same team from 29 th it is going to be hard ......,Boult and starc have always been my favourite man. I really really love seeing them since that 2015 wc in Australia. The greatest bowlers of our generation ğŸ™‡ğŸ»ğŸ™‡ğŸ»,Captainship matters too though, if it was Hardik Pandya, he would have taken the first over for himself in spite of having a Starc (or Bumrah) on the team, given like 20 overs and the momentum would have already been with SRH so no Starc or Bumrah can really turn around in the second over. I think Shreyas Iyer (even if he just stuck to the script Gambhir gave him) didn't get enough credit.,Thatâ€™s unplayable, insane delivery,24.75cr seems justified,There's something beautiful about his bowling ğŸ˜‰,The Goat ğŸ™‡,Man The myth The magician The Menance Mitchel Starc,Ek chake ne final nehi jitwaya,That yorker blows mind what a bowling by him , even when he swings his first ball of the over ğŸ¤ŒğŸ»,No bowling,Opps,Support kkR,Yaas time to blow off all the srh fluff . Absolute crapshot against quality bowling,Manâ€¦what a delivery. About time IPL start consistently dish out sporting tracks.,The Drogba of Cricket,ğŸ’œğŸ’œğŸ’œğŸ’œ,:31678:,The Aussie blood in the knockouts,24 cr for the impact to win ipl in the final. ya its all well spent now.,Ball of the tournament for sureğŸ”¥,He is a big match playerğŸ”¥,Has to be BALL OF THE TOURNAMENT,24 Cr lekar moot diya baki crorepatiyo par. Well deserved. His performance in second half of IPL was something else.,And he will take this form to T20 WC and it's over for us all ğŸ¥²,Lifetime ban for Harshit Rana for winning the series:31666::31666:,Good with ball but worst with the expressionsğŸ˜‚,Owned that fraud Sharma",https://i.redd.it/jtl9jge93s2d1.jpeg,Starc in knockouts is a menace,https://old.reddit.com/r/ipl/
"This knockout version of starcğŸ¥¶ğŸ¥¶ğŸ¥¶,I thought that Travis Head escaped but then in the next over, he was out.,this is my public apology for putting shade at starc in initial matches. Sorry bhai, my bad.,Best delivery of this season for sure.,This ball was unplayable... swinging at speed from middle and leg to take top of off-stump... chef's kiss,Bro turns into prime Wasim akram in every knockout match he plays,Ek ball pura paisa vasool bc,Day by day he is scaring us with his real form,What can you even do against a ball like that ğŸ˜­ can't even fault Abhi for getting bowled. Starc holy shit man,Feel bad for Kavya Maran.,No hate for pat Cummins but I want kkr to win this for narine's efforts this season,Srh ko to kkr breakfast me khati hai,Ye Form aa gaya hai phir WC semis n finals mai aise he bowling krega,Best bowler,Thatâ€™s a blinder. Unplayable.,dejavu? 2015 final to brandan!?,Every fast bowlerâ€™s dream!!,Abhisek was playing good but ball was too pefect,Ball of the tournament!,Right. On. The. Money.,This is the exact thought I had when the delivery was bowled (Lee vs Chand). Glad someone else did too ğŸ˜­,And this is his nearly 90% of his max speed ,what if in wc he uses even 95% + of his max. speed.,We have to face this guy in t20wc â˜ ï¸,Man The myth The magician The Menance Mitchel Starc,How will Indian openers tackle him?,Happy for KKR, but I hope he doesn't turn into a nightmare for Indian batters in the T20WC. That was one of the top delivery of the season, including Ishant Sharma to Russel and Bumrah to Narine.,Galti se worldcup spell daaldiya aur match jeetadiya ğŸŒšğŸ’€,Talent vs experienced talent,And how!!!!,cumdawg silenced!,Absolute fast bowling masterclass.,supr bowling ...aukat pta chal gyi,That delivery worth more than 24 cğŸ‘ŒğŸ‘Œ,Gambhir is a god,Finnnaly Starc hits wicket in finals ğŸ‘,One thing I've learnt in all these years, always include Australians in your team if you are playing knockouts or finals not South Africans.,Damn, just beautiful to watch. Ball hitting top of off stump is always a treat.,Delivery of 24.75 crores,The very thought that this is the Starc we will face in WC24 is giving me future nightmares,literal translation of paisa vasool lmao ğŸ˜¬,I don't think any batsman would have survived. Abhishek you did nothing wrong,he reminds me yuvi at this time lol,swung both ways on one delivery",https://v.redd.it/a87jja2a5s2d1,What a delivery!!!!!!!!!!!!!!!! All money he was picked for is returned ğŸ”¥ğŸ”¥ğŸ”¥,https://old.reddit.com/r/ipl/
"Uthappa won ipl with orange cap in 2014....how about that?,Guy scored a mountain of runs for his team but there is problem in even that. It's either dickriding kohli or trying to look cool by portraying yourself as a harsh critic, there is no between for these guys.,RCB and Virat Kohli living rent free in Ambati Rayudu's mind.,Kitni panchayat hai bhai Raydu ko ğŸ˜‚,Why does he sound like some boomer uncle, giving life lessons.,The broadcasters seems to be so desperate for commentators and so called cricket experts they hire anyone who has played some cricket in life and can put together 3-4 words in English.,There's a reason why he didn't achieve much in cricket despite being a good batsman.,Shreyas Iyer disapproves this statement âœŒï¸,This shows their issues with Virat. Virat focuses on his game but these guys keep commenting unnecessary stuff. I don't know if he has issues with Virat or the RCB fan base but this is wrong.,Bat sahi hai but ab jyada ho rha hai. 1-2 times is okay if you want to emphasize but he is literally crying over that.,ğŸ¤¡esi harkate ke karan ise wc sqaud me nahi lete,This is part of the reason he didn't achieve much despite being a good batsman. Had an attitude problem right from the beginning,Why is rayudu is pretending to be so salty?,Wow! Donâ€™t be fooled by the innocent smile of Rayudu. Dude sounds insufferable.,Maybe Kohli did not give him a bat this season :)),Royudu,I mean, one defeat can really rile someone up so much? Come on dude.,At this point he is just jealous of Kohli or is on a mission to downplay him,Now everything makes sense why he wasn't in the world Cup squad and India went ahead with 3D player.
Crying on the day you lose is fine but it's been 8 days. Looks like he needs attention from the supporters and who knows dude might have a fetish to be abused in comments.,As for people Targeting Virat it isn't the first time, if he doesn't make runs, let's talk about form and strike rate. when he does make them then let's target his aggression and not winning IPL trophy.,Who hurt you Rayudu,Bro Is Speedrunning to become the most hated CSK player,Day 9, Session 1,Somebody please punch him to sleep,Bro is still in the trauma ğŸ’€,Vaise hi 3D chashme pehanke koi world cup nahi khelta,If ""Ye budda mere beech me bohot bolraha he"" was a person,Rayudu is still living in 2013 when purple cap holders were winning ipl :-) ,Ifs funny how purple and orange cap winners have only won ipl 5 times,Rayudu needs to stop using insta for a while all the hate comments and dms from toxic kids has hurt his ego which has led to this,CSK fan for reason. Shameless guy,Bro is still not able to get over 18th May loss. Man come on!!,He still seems pissed as fuck for not getting picked for 2019 wc. That's why he finds happiness in these little meaningless things. Guy was never even the main player for his IPL franchise.,Where's the lie. Trophy is more important than winning any colour of cap. LOL,ğŸ¤£ğŸ¤£ğŸ¤£ dude was on point,True....But he shouldn't have said that loud. Only having an orange cap doesn't win you matches. Leadership qualities and teambuilding matters. Just aggression arrogance aur gali galoch se yahi hasil hoga success nahi...!",https://v.redd.it/yoo6ymes6w2d1,"""It's not the Orange Cap that wins you the IPL...."" - Ambati Raydu",https://old.reddit.com/r/ipl/
"Thank God someone asked this question, I was furious when this happened. KKR victory made me forget it.,
It just showed the quality of umpiring this season, utter bullshit.,They are lucky that this wasn't a game changing moment.. otherwise bogot bada danga ho jata,it might not have changed the result but it mattered dearly to Gurbaz ..,man he could have finished the match on his own after being benched for the whole IPL group stage .. a precious gift to his sick mother ..,No idea.,But I felt really bad for Gurbaz. He really wanted to finish the game.,Shit umpiring needs to show some mark in some form during the finals. Since the on-field umpires didn't get that chance, it was up to the technicians to make it up for that,I'm an SRH fan and I was shocked that they didn't check ball tracking yesterday. Idk why.  Shit umpiring. That wicket didn't matter though. Kkr was already winning.,It happened in some other match a few years ago as well right where a batter could not take DRS? It was in Chennai as well iirc,Would have won in less than 10 overs,shayad umpire k paise Sunrisers hyderabad pe lage they ",https://i.redd.it/dvlpeludxw2d1.jpeg,How come Ultraedge and ball tracking was down in an IPL FINAL???,https://old.reddit.com/r/ipl/
"Tbf it was a boring final to everyone thats not KKR. But a boring, easy final win is wet dream for every sports fan on the planet.,Winning a final in one side contest is huge. People who say otherwise are just salty beaches.,My reply to the boring final.,:31678::31666:,lol the way KKR played, they would have obliterated any other team. I stand by the fact that we are second best team this season.,Also, SRH fans were never going to hate on your team for winning. ,We are all genuinely grateful for our journey, and being mad at losing the final is just disrespectful of all the stellar cricket our team played.,As an RCB fan it was definitely a boring final. But the boring final is the biggest evidence that KKR was the most >! Deserving!< team for it this year.,It really was boring, but that's cuz we dominated them. This was a clash between the two best teams this year no doubt. As a kkr fan this game made me happy but I understand why pthers would find it boring lmao,Next time anyone wants less boring matches, bring us teams which are half as good as us ğŸ—£ï¸ğŸ—£ï¸ğŸ—£ï¸ğŸ—£ï¸ğŸ—£ï¸,I don't understand the logic behind ,.,I mean, yes, for people who've paid money for the tickets, I get it that you'd want a , match.,But if I'm a genuine supporter of a team which hasn't won the trophy in a long-long time, I'd much rather that my team plays a boring one-sided final and easily brings the trophy home rather than risking it just for a nail-biting 3 hours.,Being honest SRH have also humbled a fair share of those fanbase , so they did deserve to be in the finals. I mean RR literally were willing to give the match away to RCB if they performed even decently. ,The only team that looked out of place throughout the playoffs was RR, while SRH got outplayed and RCB had a really bad day against RR,lol don't they understand that by calling it a boring final they are actually complimenting kkr and kinda degrading their own teams by implying that their teams are not capable enough to dominate a final like kkr did? jokes on them lmao,It was a boring final and everyone agrees .,You guys outplayed us and played amazing cricket. Congratulations ğŸ¥³,Its the blue and yellow team fans only who are dissing so much when their teams were not even able to qualify. Then comes RCB who are salty asf that they did not win against RR. Idc who won in the finals as both of the teams deserved it one way or another. KKR is a terrifying team with their batting and bowling line up which dominated the match. The match was not boring it was just dominating.,Winning one sided is better than winning by 1 run as it shows they won by pure dominance not just by luck lmao,True it was boring lol,Why do you think it disregards kkr game or domination? We are fan of cricket before fan of any team. ,A good display of bowling does highlight the beauty of this game but it was just one sided affair from KKR bowlers. Low scoring thrillers like 2017 and 2019 finals are best examples when bowlers from both side contributed. Kkr just raw dogged srh to make it boring AF,I am CSK fan and I am pretty happy with KKR's success.,GG is Thala's true brother.He always performed whenever Thala needed him the most.(Finals of 2007T20 WC and 2011WC),GG ki trophy matalab humari trophy!,Srh fanbase are confident not ignorant,I donâ€™t take lockdown kids and plastic fans who only view cricket as batsmen game seriously anyway,They just wanna see boundaries and last ball thriller final, completely ignoring the fact that what kkr has achieved is sheer dominance this season,My ears are deafened by the victory celebration, can't hear any nonsense. Except ofcourse, the love and brotherhood from SRH fans.,Nah bro as rcb fan I have excuse that if we had chased in vs rr we would have won, but the way kkr played fanal another 49 was sure there,I don't know which team those salty mfs support, but damn , KKR deserved the title and they won it , that's all,Kkr this ssn was as strong as mi 2020 (imo better ) and that years final was also boring nobody expected dc to win esp after first ball wicket,It was boring because you guys crushed them.,If some idiots want to cry about it, let them cry. ,Some fans are too immature and just want something to complain about everyday so just ignore them and move on.,:31678::31666::31666::31666:,There are no  ifs and buts in game dude.,I don't know why people in this sub love to generalise every fanbase bhai unko konse upvote mil rahe hai cmt mai sablog unke opinion ko garbage hi keh rahe hai phir bhi agar koi bolta hai to yeh gif bhejde unko-,A final isn't boring if there are dropped catches or misfields or golden ducks or runs leaked by the winning team or a fight on field that they can use to make chad sigma edits. Under such circumstances the thing gets dragged to the last over and these ""fans"" get their dream nail-biter finals. 
They don't see an all round performance like this, so they think it's boring.,It was not boring for srh,everyone got to bat,IT WAS BORING. If they won a thriller, you would've seen a lot more emotions while lifting the trophy. The harder it is to find your achievement, the sweeter it is.,You guys thought SRH fanbase will give hate? LMAOOOOOO,let's appreciate great bowling efforts also, not every match should be for batters only! bowlers ripping through a batting line up is also entertainment,From SRH fan, hands down for KKR play this final and season!,Srh wouldnâ€™t hate on us they are generally very decent. Only these newly added success hungry folks are hating. Plus some fans of trophyless teams.,The second point. I didn't see a single post in the RCB subreddit.
We were happy about the qualification then sad about the loss.,But as far as the final goes it was boring from an entertainment perspective but kkr have been bloody good this season and it's a dream from most teams to Dominate opposition in the final,It was indeed a boring final for us neutrals as we were looking forward to some great contest between the 2 greatest teams of the season. ,But by no means was it any ""undeserving"".. if a team wins one sided, they are clearly the ""most deserving team"" of that season. ,And we all would prefer a one sided final if our team was playing to be really honest. ,KKR was alpha right from the start and had the best squad for all the conditions. ,It's just that people might have made plans to have a watchalong with their friends on a Sunday evening and the match turned out to be a bummer, that may be the only plausible explanation of it.,I mean it was a boring final. Even KKR fans can't dent that. But the other points salty for sure,I am in the minority who enjoys watching quality bowling over batting. The 1st innings was a delight to watch. I expected srh would fightback strong, but was fooled. Nonetheless the trance induced by kkr's bowling carried me through the match.,Bhai. Ignore karde. Ye Sab cup se bada ye kya.,T- Bro Just ignore it, its not like all this is bigger than the cup itself,I would give my life to have a boring final like this if my team was playing. It shows how strong your team is.,If I had a nickel for every time a tournament ended with stomp and boring yesterday, I'd have two nickels. Which isn't a lot, but it's weird that it happened twice. (IPL and Dota 2),nah but SRH and KKR are bros fr,i barely see any hate its just KKR fans doing RR and shit talking other teams and getting called out.,
including this post.",/r/ipl/comments/1d1jx3z/salty_fans_hating_kkrs_success/,Salty Fans hating KKR's success.,https://old.reddit.com/r/ipl/
"Whole kkr management banned for 5 years for breaching code of conduct,Srk also did this when he met harshit after the match he did that in front of the camera too,Harshit Rana has to write a 2000 word essay on cricket for this behaviour.,Entire KKR team and management, banned from IPL Auction 2025. They have to play with their 2024 team only. Default retention of all players ğŸ¥¹ğŸ¥°,Now that KKR has won, we are glorifying a young player getting in face of a senior player and misbehaving now?,Don't do this Man..agle saal agar ek match v hare na SRH k against,to puri Stadium tumhari G@nd maregi. SRK ki chakkar mein mat pado,dimag se kaam lo.",https://i.redd.it/hmdo584qpt2d1.jpeg,It's all circle of life ğŸ˜˜,https://old.reddit.com/r/ipl/
"Loved it. They rubbed it on BCCI's face lmao,Kkr banned from mega auction... Whole team retained,Masterstroke from SRK,ahahahaaaaa this is so unhinged i love itğŸ¤£ğŸ¤£ğŸ¤£,Man this made me smile so hard during the presentation. Another way of showing support for your players from the franchise. Priceless!!!,This is hilarious, btw help me find Gautam & Chandrakant Pandit in this,well deserved win, the most consistent team this season,Aryan doing it is hilarious ğŸ˜‚,This is some iconic level shit. Straight up a slay answer to BCCI,wheres GG?,
also, loved it lmao, BCCI ke muh pe thappad maara,SRK be like, bete ko haath lagane se pehle baap se baat kar,I love nitish but harshit deserved it more than him, they really just didn't give him because of ego. I hope he performs so well they are forced to pick him for ict.,Ab toh Harshit Rana ko saath Janam keliye ban kardenge ğŸ‘€,what's Aryan doing? ğŸ˜‚,Rinku's enjoyed this too much.,Rinku looks like he will break into a mujra dance any momentğŸ¤£he is enjoying this a little too much perhaps. #pettyBCCI,Fuck you BCCI,Is ban se tho sab khush hai tho no worries lol,This is equivalent to showing a middle finger to BCCI,Absolutely shameful behaviour. Bringing embarrassment and dishonour to the great game and greater BCCI. This team should be punished by banning them from the next auction. Let them stick with the same bunch of losers. That will teach them something. /S,Nah only Harshit Rana is banned rest are kept,Love This!!,Could someone please let me know the reference?,Kya chutiyapa hai.",https://i.redd.it/5n5fxclhlt2d1.gif,KKR is banned from playing in the IPL from now on,https://old.reddit.com/r/ipl/
"Sensible fans exist in all franchises. If you look carefully you will find such posts in CSK, MI, RCB franchise subs as well.,You know you can make a post appreciating someone without bringing down someone else. ,Food for thought.,BTW well played KKR and SRH.,Bro even most RCB fans in their sub took their loss with a level head, same with csk fans after they were disqualified. It's after their loss with rr they gone full crazy mode because they think they have the license that they can blame RCB fans.,everybody knew KKR would win. Well it wasn't our season. We should just move on and look forward to Rise more next season than this season. Win or loss, always gonna support the #OrangeArmy,Don't want to beat my own chest but since you picked an example of my team, ill add this. sensible fans exist in every team and most of us know how to take a victory or loss in stride. A few vocal minority don't represent an entire fanbase. There were even some comments from SRH fans that were not in good taste after today's defeat too but that's not representative of their teams fan base. The truly passionate fan who loves the sport over teams knows better,There is a rising trend of RCB and CSK hating posts in this sub since yesterday I have noticed.,Ek team ke sensible fan ko dusre team ke chomu fan ko compare mat kar. No other team fans know how to take loss better than RCB fans. It's been 17 years without any trophy.,Yup, but not all CSK and RCB fans are like this generalising us like this will cause hate against all CSK and RCB for no reason.,What an idiotic post. If you cherry pick, you can find the sweetest fans and the most toxic fans for any fan base. You cannot generalise any one fan base like that.Â ,It's because of posts like yours that even sensible fans get riled up. Please grow up.Â ,You should've gone into individual subs and seen after every team got eliminated. For every hate, toxic post, there were 10 posts saying - damn we lost, but it's because we played bad. Let's see what went wrong. And this is true for ALL franchises. If you can't realise that, then God save you.Â ,And whoever fan you guys are should accept reality that you all are lowkey jealous of the fanbase csk and RCB has.. and the only thing you guys can do is seek validation keeping those two teams as reference.. get a life dude you can appreciate someone without degrading others.. mf bc mc,I mean, they got thrashed, what else can they say?,hmm?,Exactly. There were similar post in both RCB and CSK subs but all you guys wonâ€™t post it coz it wonâ€™t get you to harvest Karma. Despite of all the toxicity we also posted appreciation post and yet it went right under yâ€™all s nose,When your team reaches finals by accident: so big achievement that you don't feel saddened by loss lol.
Would u have said the same if your team had lost by 2-3 runs or in the last ball?: you would be cursing some decision by umpire etc. : but u were so thoroughly defeated that u have nothing to complain about.,sensible fan but what is that username...,both RCB and CSK fans made similar posts in our/their own subs, OP is the one who needs to learn something here,Imagine putting up a performance like that in a FINAL how embarassing it would be for them just. Specially with the reputation that they went with. 
This will either destroy there confidence for next season also or charge them up more. Chances of the first thing happening is more .,I don't think KKR fans were going to harass SRH fans after winning. Not the same case with RCB.,Also, don't forget that RCB vs CSK was not even a playoff match. ğŸ˜‚,Username on the post in SRH subreddit ğŸ˜‚,The one with Kane Williamson DP was very much salty during the resurgence of SRH. So by your logic all SRH fans are like that huh ?..,well said pussy addict,Dude is addicted to something else howâ€™d srh loosing disappoint him,Go and check CSK sub, we know how to take Ls no team has lost more finals than us,the  maturity and positivity both these fandoms possess is something to admire fr,Damn , finally some wise words from pussy addict,The fans whom you target this at will never understand. The maturity is replaced by toxicity in them. There are tons of sensible fans who'd just don't participate in such hate filled discussion.,The para vs the name,They even posted hateful post please share that also ğŸ˜‚,what about this ???,The problem is not the fans but the illiterate people who follow cricket. They tend to like big names in cricket, hence their obsession with dhoni kohli rohit. 
People who are hardly taught any morals, discipline, respect and civic sense tend to create such degenerated fandoms.,I am a huge RCB fan, never indulged with any ugly fan war, or insecure fights with other teams. Yes we exist, and in a large number too
But those incels outnumber us and hence are the face of our fandom.
Hate them.,CSK fans were super salty after that RCB loss.,More than the fans, the 3D glass player has to learn something.,Sure and a lot of Srh fans could learn a thing or two from the mature RCB and csk fans. What a useless post.,his username though ,OP is pussy addict,Why do you keep targeting csk and RCB ? To get more interaction?karma farming? ,The toxic RCB and csk fans are Kohli and Dhoni fans who care about players not the team. Even u have such fans who celebrated when SRH was scoring 250s and started shit talking when u started to lose.,You can find both sensible and stupid fans in literally all franchises, even some dumbasses from your franchise were being salty in this sub yesterday. Cherry picking 1 sensible post from 10 salty ones doesn't make your fanbase any better than any other fanbase.,All the best for the next season.,Bro needs to start an anger management course after that SRH shitshow. How is he able to stay calm. ,Just an objective evaluation. Years of losing has given a sense of patience and humbleness to SRH fans.,Cummins has WC trophy tell those morons to get out of delusional world,Not related but I love that username ğŸ˜‚ğŸ˜‚ğŸ˜‚,Ab 113 run banake hagne ke baad aur kya hi bola ja sakta hai.,How can people forget what he said at ahmedabad,Chats meh toh sabke team ke fans toxic hai,There are post like this for every CSK match in CSK sub. Stop generalising.,The username tho ğŸ˜‚,Well said @pussy_addictt,Me looking at the username of the OP of that postğŸ¤£ğŸ¤£ğŸ¤£ğŸ¤£,Ab fandom bhi learn kare. Lmao, this is some delusional stuff,Look at his name dude,Pussy addict can't be wrong,The username though ğŸ’€,SRH fans are just really great..... I mean we Kolkata Fans have been talking all sorts of shits after winning ( Biriyani, Silencer and what not) but it's good for them to take the criticism at heart.,No hate to SRH as a team.... the country is just happy for Head and Cummins' tasting defeat.....,What is that username in original post.,I love the trend of MI fans calling other fanbases toxic. Doesn'r get old,There is no need to reply to such posts. Just say â€œHaa bhai teri laalâ€ and move on.,Next year SRH win the Cup.,Accept MI , Csk and RCB every other team has sensible fans.,Don't get why people generalize a teams fanbase so much like yeah there is toxicity but not every single person who supports RCB or CSK is a toxic . It's all about the attention these fanbases get. I've seen some toxic srh fans on insta and some sensible ones too. People who support a certain team aren't gonna be the same.Â ,Pussy addict ... Is so calm,Not gonna take advice from a handle named pussy_addictt,Srh fanbase is lit. After the KL Rahul incident, we had so many people defending KL and commenting on his posts on Insta. They literally made a post on the sub to do so.,Respect to SRH fans,Yes let's all learn from pussy addict.,We are proud of you srh, it's okay to have a bad day. Wasn't expecting this after Q1, but whatever. And it feels so happy to see, kkr srh aren't catfighting like some 47cr viewership chest thumpers. Both are so mature and understanding and a true reflection of their team identity as well.,This is not surprising tbh. SRH has a really good fanbase, except some idiots. Except when they play against KKR, I usually like it when SRH wins matches. The same goes for GT, RR, LSG, DC, and PBKS. RCB is an exception on two levels: one as a KKR fan personally, and the other at a general level. They've a delusional toxic fanbase. Not all of them ofc, but most of them. I absolutely despise the egos of CSK and MI and their fans, but atleast they and their fanbases have a reason to be so arrogant. RCB fans tick neither of those boxes. The other teams are either suitably egoistical, or suitably modest usually,Don't be dumb, some srh fans are anti nationalists and want Aus to win.,Yep. Really heartfelt wholesome post by ,! ğŸ‘ğŸŒ¹,I read some RCB fans posted about the viewership of the final. How it was too less as compared to the RCB games. And how they are the most entertaining team in the IPL. Like dude just accept and move on what's the point of being salty ğŸ¤¦ğŸ»â€â™‚ï¸
P.S Just like every other team ,  RCB also has good fans as well as bad fans.",https://i.redd.it/ijwxvf3vbu2d1.jpeg,This is how you take a loss. RCB and CSK fans need to learn something from them.,https://old.reddit.com/r/ipl/
"Nah bro.  U did him dirty ğŸ’€ğŸ’€,That's some RCB level thing, acquire both top and low scores to be at equilibrium,When you scoring 100 in 6 overs throughout the season only to get bundled on 113 in final lol,Most boring final ever .I knew kkr is a better team but srh isn't as bad as they played they could have atleast made 160 like qualifier 1,CUMdawg losing finale hmm alternate universe script,Khada hu aaj bhi wahi..,""The silencer was silenced."",Cumdawg got silenced,Bhai ko koi revive dedo,Hey... Record is still a Record man,They called me a madman when I said SRH will choke on the big stage as always,They are breaking their recordsğŸ¤·ğŸ»â€â™€ï¸ğŸ¤·ğŸ»â€â™€ï¸ğŸ’€ğŸ’€ğŸ’€,This wasn't a final this was just the last day of an event so underwhelming.,cumdawg khada hain aaj bhi wahi edits incoming,2 in a row is not bottling, it's getting wrecked,Bros cosplaying as an ICT fan on 19/11 ğŸ˜­,Look at his face....I feel bad...,Just team difference. Kkr were too good, far better.,lowest total YET,Time somebody removed that fluff and froth in srh . Wilted like a straw facing quality attack . Take this form to World Cup Cummins,I'm relatively new to cricket so maybe someone can explain to me.... Why would SRH choose to bat when they just got destroyed by the KKR bowlers less than a week ago? Why not bat second and hope for some dew?,Why are we here, only to suffer?,Sexy in defeat,They want Hyderabad Highway to score 100 in pp,Lowest IPL final score on a season where the erstwhile highest score was breached 5 times (thrice by the same team) and most sixes recorded.. What a Paradox!,Bro got Korbo lorboed,Final mey bhi chennai ka 2013 ka lowest score in final ka record tod deya,Nice to see cumdawg being silenced for once, on the big stage that too...,yoooo cumdawg... got you,now I am even more scared ab cumdawg iska revenge t20 mai dhikaayega,Awwstralean mentality broooo,Cummins silence hogayağŸ¥¶,Just think what would happen if RCB choked like SRH in finals. How everyone would have trolled us.,Too much hype did him dirty, his fans hyping him as cumdawg(puke) and SRH as some team who has revolutionized cricket, this hype papered over their cracks that is inconsistency, having said that they have achieved good level of success despite their inconsistent performers, next year they will be better but I was never convinced that they are championship winning material.,It was their score in powerplay ğŸ¥º,My Cummo still looking handsome. Being sad and pretty is hard. But on a serious note, he almost did the implausible for SRH. Hope they back him next season.,SRH's score-- 113==>1+1+3=5,Overs played-- 18.3==>1+8+3=12,12-5=7,The reason is clear,He was an idiot for choosing to bat ğŸ¤¦â€â™‚ï¸,Satisfying, thanks kkr,This is how we felt on 19nov Cummins.,Blud is silenced,Meme material,Just leaving it here,We even jinxxed him...nah I still don't believe it,Silencer got silenced. Lol.,:31674::31674::31674::31674::31674: :31669::31669::31669::31669::31669: :31678::31678::31678: :31673: :31690: :31677: :31681:,Man boring match of this season had to be the finals,glenn phillips wasted successfully ğŸ˜­
he can be a gun fielder 
he can bat explosive 
can bowl better than shahbaz
he could have replaced travis after he finished his innings and hit some crucial runs in the death masterstroke by srh,That one loss against RCB and then bro forgot silencing,Cumdog resigned to the fact that he can only take this team this far with their limited talent,180 minutes of poor cricket, brought to you by SRH.,I love this faceğŸ˜... So much was mine in wc final,Indians ne Cummins se badla le liya, waah kya script likhi hai. Maze aa gaye. Aur hero bhi Iyer aur Gauti Bhai.,I know it does not matter i mean he won wc and all. Still as a pettyÂ  and immature ict fan thank you kkr. Finally this silencer bullshit will end. Those stupid 19/11 memes will end.Â ,Firta rahu, mai dar badar.,Khada hu aaj bhi wahi,Jee lee zara,BC ye koi match tha? Worst final ever.,My fav is DC so I was totally unbiased in this match, all I wanted was a nail biting final.,Aur mila kya? Gobar match,Had predicted the outcome of last 5 matches here ,WC ka badla le liya lagta hai jay bhai ne ;),Hope he is feeling the way we were felt at world cup final,we had it in mind that this might happen in any match as an srh fan. it had to happen on the final. lol . we were never the favourites. the team didnâ€™t have it with them to ace it today.,Bro is happy within to know that starc is back in peak form. Collapses in ipl is the better way to prep for a world Cup.,hopefully he can repeat today's performance in the world cup against us! ,Win or loss is fine as long as some fight is there.. But this final has nothing but hopeless and cluesless faces all over srh team.. No commitment or situation awareness talks in between even while the wkts falling... Strange to even think that they played as team,RCB curse ğŸ¤£,Also lowest total of 2024 IPL,Man.. he looks so handsome even when Sad,I wish it were the Indian team, but KKR works too, silencing cummins and head has gotta be the most soothing experience in cricket ever ğŸ˜Œ,Khadaa hu aaj bhi vahi, nov 19 ke raat me,Would have been under 100 if Starc didnâ€™t drop Cumdwagâ€™s catch. ,Poetic fall for a batting team,Hmm....another record of SRH.,Chin up lad. Once a knight always a Knight,He's won the trophy that , matters. Don't think he's going to lose sleep over this.,From the Highest Total Record to the lowest total record. SRH were record setting on both...,In bright side we have one more record,We will get it done next year! SRH forever!,Broâ€™s so dreamy though,From scoring the highest ever T20 score to scoring lowest ever ipl final score... It's been a roller coaster of a season for SRH.... Another hand except in the middle kkr didn't see a loose in momentum... That loss after scoring 260 was a blessing in disguise...after that they took the job very seriously,Flawless Victory,It's not that kkr played good it's that srh played very bad like I don't have anything to say rn,Toofan se pehle ki shanti, milte hain T20 WC me,Yeh log bus records banane aye the ipl me jeetne ka koi plan nahi tha inka,I am just glad the cumdawg silencing image will be irrelevant for a while now.,They here to set records, not lift cup. And they set a new record yesterday too. Consistency is key guys.,Bruh ğŸ’€,Cummins' face here is reminiscent of the ""your dog just died"" meme,My man's only mission in the world cup is to destroy India now.,SRH breaking records this IPL,Jalwa hai hamara ğŸ”¥ğŸ˜­ğŸ˜‚ğŸ˜­",https://i.redd.it/z05kel2dks2d1.jpeg,SRH-113/10. Lowest Total in IPL final History,https://old.reddit.com/r/ipl/
"He saved his absolute best for qualifier and finals,The ball against Abhishek Sharma was absolutely stunning,Current Starc is like Zaheer in the 2011 WC. Perfect blend of experience and execution.,The delivery against sharma was absolute ripper,Also Cummins's decision to bat first was questionable,Mitchell Wizard,Starc when he is actually trying,will he be available next year or is he gonna practice for ashes?,Aukad dikha di,Man gets completely unplayable in knockouts. It's becoming soo consistent now. One of the legends of the game.,Either Gambhir is a genius or he is too damn lucky.. I wanna believe the first one,Man The myth The magician The Menance Mitchel Starc,He was doing the waiting game started slowly and crept up and in the end boom. Now he's going to carry this form in the WC.,Actually the biggest mistake they made was playing defensive. ,They attacked throughout the tournament and in the finals they changed their batting style. 
Kolkata attacked from the first ball, even if Hyderabad would've lost 2 early wickets still they would've been in a far better situation than they were last night,Jha matter bde hote h vha starc khade hote h,Now that we have won and everything is done..this man is scaring the shit out of me,Bengali team. Need I say more? /s,Bhai he is a big game player,bad score,Lmao . Nobody is talking about about why Cummins chose to bat first. Big brain ğŸ§  idea ğŸ˜‚,Bro took ipl as a warm up for wc. (Won't play next year's ipl),I think against left handers he is that extra bit confident. He is very much a confidence player and the fact that he had previously got the number on head meant that he was in a good mojo in the match.,This is why matchups are crucial in t20s.",https://i.redd.it/hx2opyai7s2d1.jpeg,What is this sorcery by Starc? ğŸ˜®,https://old.reddit.com/r/ipl/
"My man knew all along,They laughed at kavya too. I would say her gamble won too.,He knew all along That MStarc will be the x factor but today everyone from KKr played very well,GG is a clutch in what ever he does. 2007 final, 2011 final, two IPLs as captain, one as coach. Always made through playoff as coach. What a legend,Bruh knows everything,They called him a madmen â˜ ï¸,thats why he's GG.,Bro is now the personification of ""Let him cook"".,They called him the madman",https://i.redd.it/6jrsqgzzks2d1.jpeg,This explains why Gautam Gambhir smiled that day at the auction,https://old.reddit.com/r/ipl/
"Strongest possible response for an unreasonable match ban,Le moot diya tere ban pe BCCI ğŸ˜‚,Breaking news Kolkata knight riders banned for 2 years ğŸ˜‚,Lmao that's wholesome af ğŸ˜‚ğŸ˜‚ğŸ˜‚,SRK asked them to do it...man is savage asf.,You ain't outsavaging SRK, he is dealing with some real shit for 30 years of his career.,BCCI banned Harshit for flooring kiss, SRK told everyone to do flying kiss while celebration in front of camera. Take that snowflakes.,man i am so happy to see this ;),BCCI to Rana :,Breaking News: KKR banned for eternity and their trophy has been taken from them. KKR will not be allowed to play in the IPL until Harshit Rana retires.,Good payback at the right moment,BCCI : SRK banned for 2 years ğŸ˜¡,That's the best response for an unjust ban.,Players were doing bazuka, gun firing and shit and still no action on them. he just did a flying kiss celebration and that too he didnt do in the next match and still got a match ban,BCCI to harshit rana:,Harshit Rana to be put in the guillotine for going against BCCI's monarchy,GGs master plan to get KKR banned so that he can freely pursue Indian coaching without any conflict of interest,Best reply ever ğŸ˜˜,Harshit Rana effect,Harshit Rana is banned for next year igğŸ˜‚ğŸ˜­,Giving it back in style ğŸ”¥ Congrats kkr and hope to see Harshit Rana in Indian colors soon !,KKR ne toh stadium hi silent krdiya,Le, abb ban kar sabko ğŸ˜‚,ğŸ˜˜ğŸ«´,Man I love thiss ğŸ˜ğŸ¤£,ğŸ˜‚,they all going to be banned from the country. ,Harshit must be included in the ict .he has time to improve. i got the feeling that he will learn fast,LOL W. It was interesting to see his attitude from match 1 before anyone/most people really knew who he was, but he backed it up the entire season and clearly had the support of everyone around him,Now bcci should ban kkr from taking part in auction and should compel KKR to retain all it's player ğŸ”¥,Ban kkrğŸ˜¡ğŸ˜ ",https://i.redd.it/kyj7lrlnyv2d1.jpeg,Everyone is copying the Harshit Rana flying kiss lmao XD,https://old.reddit.com/r/ipl/
"It was always big 3 till like 2017 or 2018. I am glad KKR with GG is back.,BIG 3 IS BACK !!! ğŸ’™ğŸ’›ğŸ’œ,Who is big me then?,Cummins depression me chala jayegağŸ’€,Rcb next year - Motherfuck the BIG 3, n it's just BIG ME. I am manifesting it.,Post it on RCB Sub,Mf the big 3 it's just the big me (PBKS) ğŸ—£ï¸ğŸ”¥,Motha F the big 3,Lol KKR will never be in the league's of Mi and CSK, no other teams can be,3 trophies doesn't count as a big, win additional 2 and then we talk",https://i.redd.it/35yy4mojzs2d1.jpeg,"With this finals, we have the official BIG 3 - MI,CSK,KKR.",https://old.reddit.com/r/ipl/
"People waiting to troll srh had to wait until the final,I think kkr won all their matches against srh....,At least made the final. No shame in losing to this KKR side. The best team in history of ipl.,All this is fine. I mean they were still the finalist ,OP you being Csk fan, explain why chennai crowd chanted csk csk when kkr was winning? What's the logic or point behind it? Can you explain, I'm genuinely asking this,Look at these bottom-feeder ğŸ¤¡s mocking a finalist. The only team who has rights to mock us this year is KKR. The rest should contemplate about how not to get triggered by a harmless celebration gesture.,It's always the csk & rcb fans trolling. Never seen lsg, gt, rr, pbks fans troll other teams. At least we came so far and broke many records & definitely silenced many teams this season. Kkr played really well, they deserved to win, but we deserved our runner up, good game.,Let the trees grow in silence ğŸ¤«,Csk flair.bro I thought your mouths opens only when thala comes.,Cummins to apne owner ko bhi silent kar diya ğŸ˜‚ğŸ˜‚,GGğŸ¤«ğŸ¤«,Gauti Bhai ke samne koi bol sakta he kya....gauti Bhai...
Please someone make him Indian coach his team selection and man management is top notch...at worst due to his strict agressive coaching...team will fail(nothing to lose as we're losing from last 10years)....but if everything goes fine we can get ICC 1-2 trophies,Says the guy who was silent for 2 years.,At least the went to the final,Sabka badla lega re Tera KKR,Hahahaha ğŸ˜‚ so true until next year we won't talk. ,No worries guys ipl will come and go. No hate to anyone. But when this gets over we are all one that is team india.,Fraud captain
Only won few unimportant cups,Le moot dia tere aussie mentality peÂ ,Cocky Srh fans got belt treatment by KKR,Sukoooonnâ€¦!",https://i.redd.it/tlmbpfdnws2d1.jpeg,We understood it wrong. They meant to say they will be silent ğŸ¤« for rest of the year.,https://old.reddit.com/r/ipl/
"Srh's biggest fan. Sad to see hate comments on her and Pat Cummins. Been lurking on this sub for a while this season and all I saw was hate, no passion or respect for the sport (this is an exaggeration but still somewhat true). Even if you can't respect it, please at least be civil about it. Grow up.,Felt sad for her TBH. She is a passionate owner for sure. That there is real emotions and we have all been there when we canâ€™t hold back our tears. Respect ğŸ™,She is actually a good girl, she held back her tears and clapped for kkr.,She is kind and knows sportsman more then everyone throwing hate on her here!!!,Wtf why r there so many hate comments?? Hating on her for being the owner of a team they don't like?? Absolute clowns,Okay that's it.,Buy me next season, Kavya ma'am. I will avenge your team's honor (20 lakhs is enough for me lel),Shame on these broadcasters for constantly keep a camera on her, inspite of so much attention, she never misses a match and bravely sits there and cheers for the team. Her reactions are like that of a common person and not like ego ridden owners.,Being a KKR fan I am definitely happy for my team but I understand what SRH fans are feeling right now because we also had a similar journey in previous seasons. Speaking of SRH, imagine not performing for 3 seasons and then delivering the most explosive gameplay that no one can ever imagine of. Coming so close to victory and yet it all ends up like this. Afterall that's the harsh truth of leagues like IPL where every team is giving their best of efforts but at the end only one team wins. Thank you SRH for raising the standards of T20 format. See you next season !,Pathetic from the cameraman when she clearly has her back turned and definitely doesn't want to be filmed crying.. The Indian broadcasters have no ethics and empathy at all.,Rula Diya na Khan Sahab Ladki ko,Honestly it might seem an odd comparison and not trying to be disrespectful towards certain players but Kavya does show the difference between being passionate and being abusive. I know media sells it too much but haven't seen her put other teams/players down.,She's one of the main reason of srh success,NEVER LET KAVYA PAPA DOWN EVER AGAIN,RR wali bacchi ka shrap laga...,Being srh fan is tough ğŸ˜ª ğŸ˜”..,Most dedicated owner in IPL.,Rula Diya na bichari ko,This made me incredibly sad.,That shove to auntyâ€™s hand in the beginningâ€¦sad for real there Ms Maran,Obviously it was a final and emotions run high.. But there was absolutely no need for the cameraman to zoom into the crying faces!!,Love this video. Glad to see we have have passionate franchise owners. She's getting emotional and still gracefully applauding all the players on the field.,Also loved how SRK interacted with the players.,felt bad seeing her cry, moreover she held back her tears and clapped for kkr even in that mindset, she really won my heart,Who made mah queen cry?,She's a passionate owner man, unneccesary hate from these vadakkans, tbh what else do you expect from them,If you invest this much time and money for a thing, you'd cry too. ğŸ˜‚ğŸ˜‚ğŸ˜‚ pretty sure they make it back in various methods.but goddamn they do spend a lot for these teams,She is very passionate owner. But SRH really Played very well though out the tournament ğŸ‘,Cummins: Kav, yeh udhar main chukta karunga. Sabka badla lega re tera Pat.,Emotional thik h, lekin maine suba she left early without meeting team after the loss.. ye thik h kya?,It's okay baby. You did great.,Felt bad for KavyağŸ¥ºthat cutie who always smiles cried today ğŸ˜­,I hope she never cries and only smiles,lol ik I'm simping for her but can't help,Lucky to have such a passionate owner. Proud Fan ğŸ¥²,This shows how she is better than Jindal or Goenka,This season srh was something else, they were very good and made everyone their fan but then started pat worshipping and against that I even made a post in their sub but got downvoted. So yeah those fake fans deserve the hate. But for those genuine fans your team played well,Srh Srh Srh,Oh Patty what have you done,Oh she didn't like korbo lorbo jeetbo re ğŸ˜“,Rula Diya na bechari ko..,Shows how much she cares about her team. What sportsmanship ğŸ”¥,An owner who cares. Love it.,BTW. Who is she ? wondering,Papa Ki Pari,SRH gave some good games but they completely missed the mark in the finals.,Basically BJP (GG) won against DMK (Maran),/s,Who wouldn't?,Well this sub is exactly what cricket fans are like. ,Some people here are true fans of the franchise they support and the sport altogether. ,Some just watch cricket to suck off the team/player they support and shit on others. ,And some are just dog shit people who just love to hate and are continuously are rude to everyone. ,Harsha said it yesterday :- ""don't let your life get affected by sad people on the internet."",She supported her team throughout, people supported her people got offended by that.,They got so used to scoring big in PP ,once KKR didn't allow it they didn't know what to do ,Plus KKR is so dominant this IPL ,there is nothing you can do , even RR would have  suffered the  same fate,Gg,ğŸ˜­,Props to her for building such a fantastic team. It just wasnt their day. Next time maybe.,As non official team owner of CSK I can relate :""),The beauty is crying ğŸ’–,Most of the SRH fans had the same rollercoaster ride, sad and disappointed by the loss but appreciate the team for coming this far. She's literally a fan.,just for her i was supporting srh becoz she is so  simple and young, girls at her age doesn't have any interest in cricket or give importance to  sports and whatnot though they goes clubs and bars but she supports sports and always cheer for her team , sad her team couldn't make it up that night. I can feel her,She's always the first fan of SRH. Truly delighting to see such enthusiasm and passion for own team by owner. It shows beyond just investing the money.,the camera man trying to find the right angle ahhah,V emotional,I don't hate her or unnecessarily talk her down.But people just seem to forget that she waved bye and left in between and just talk highly of her supporting the team.Just explain this to me.,In between match , it was clear that she waved to the camera and was leaving arrogantly when her team was suffering.Then she came back and is clapping and crying .I think it's reasonable to say that someone told her that fans are going to hate her if she leaves and then she comes back.,I'm not saying she doesn't love her team etc and I believe she is showing her true emotions at the end.But fact is she left when the team is struggling and the whole match she was just disappointed with the match and showed no ounce of support till the end.,Kavya Maran has won my heart the emotions describe the connect she feels with the franchise and her commitment towards the team the best part after all this she never left the stadium she stood and clapped for her team...To SRH fans thanks for the fun and entertainment it was exciting till it lasted...All the best for the next season...Congrats to KKR fans you guys deserved it so happy for Venky btw...,i am sure srk gave his kisses and warm hugs to her.,She and the DC owner are really passionate about their team....I saw her live....she always stood up and clapped when a batsman was returning to the dugout..even before everyone....she is the Hype for her team...,Sukoon....i wanted her to cry so bad...i hate her sm,My only satisfaction from this season is that we didn't let another Aussie captain get a fucking cup thank God. But there is no reason to hate kavya, she is just being a passionate team owner.,From 10th position last season to runners up, she should be real proud of her team. If they retain the same core group and get a quality spinner, they can go all the way next season,kkr is winner of 57 ball,She's a good sport. Sad to see her cry here. She's been extremely supportive of her team.,It must have been so hard for her. She's so invested in the game emotionally and passionately too. We all fall hard when our teams lose.,Bacchi ka khilona tut gya, aawww lu lu lu lu lu,KKR Naa kodakallara ğŸ¥º,When Sun TV's black money has gone down the commode, it's natural to feel emotional.,Nah men she dont deserve to cry,Kavya be like,Rcb fans: first time?,Very simple. If you can celebrate like there's no tomorrow you gotta take the loss as if there's a tomorrow & try again. No point in these emotions. It's a sport & it's bound to be a side winning & the other losing. I'm telling this as someone who was an athlete and watches sports like sports. ,Don't come at me with your RCB hate now. I supported SRH cos south India.,Indians and their empathy and obsession towards billionaires is crazy.,It's a pleasure to see kavya simps crying ğŸ˜ğŸ˜ğŸ˜ğŸ˜‚,:31678:,Rula diya na bichari ko",https://v.redd.it/vsy0lb7d3t2d1,Oh boy...she got emotional,https://old.reddit.com/r/ipl/
"What a thoughtful gesticulation. ,It was a strong season from US nevertheless. We just didn't have a lot to offer in terms of all rounders or reserve players. ,Congratulations to KKR. They had everything, quite literally. Form , the players and performances at crucial times,The most important thing is that they played fearless cricket.. it should be an inspiration for teams in the upcoming seasons,Meanwhile csk players after rcb vs rr match,Chin up srh. We are brothers, it's our era now. ğŸ”¥ğŸ¤ğŸ½,Classy from KKR,KKR trying to win Fair Play Award too,Srh just follows live by the sword ,die by the sword,We're all here for the love of the game, at the end of the day. Congratulations KKR.,KKR and their fans are known for their loyalty and positive support.,Both my favourite teams. Iâ€™m so happy they were the top two this season. Thank you KKR and SRH for such beautiful memories this seasonğŸ’œğŸ§¡,Sportsmanship. Follow this example, to those whom it may concern.,That's what KKR is and should be all about. We can be proud of our team without distracting others. Those who don't understand this, are not worthy of being a knight. ,I knew I am gonna see some mature and real cricket enjoyers! What a humble gesture! Congratulations to KKR! We are looking forward to Rise in the next season,Harshit banned next season for this,We played well this season. theres no reason to be upset. KKR was stronger and they did good. Happy for them as well as us. Let's celebrate that we got to see such good performances and enjoyed a lot!,
Congratulations to KKR!!,I think, KKR always does that. They tweeted about Yash Dayal both when he conceded 30 runs and when he won the match for RCB.,In the times where trolling and roasting has become central part of social media, we got this wholesome reply.,Humble knights,why is shabhaz doing this ğŸ˜›ğŸ˜›,fanpage thode na hai,You have my respect dear Knightriders,Are they gonna have sex now?,Never thought we'd reach the final step but here we are,
CSK if you guys are releasing santner we'd love to have him ğŸ¥²,Also mandatory hasaranga slander is needed",https://i.redd.it/8placvam8t2d1.jpeg,Lovely gesture from KKR ğŸ¤,https://old.reddit.com/r/ipl/
"T head also had bat edges but we didn't put any slips ğŸ˜”,It would have been a completely different story. I'd like to believe that there's a parallel universe where it actually happened and I didn't have to witness so many heartbreaks in one night, and we look back at that night fondly, the same way we remember that Dhoni's six or Joginder's wicket.,He has used all his luck in 2023 . In 2024 there will be a different match winner for Australia in final . My money is on fraud maxwell .,Look how just mm can make huge difference. Still fact is that after this he didn't even gave 1 chance of getting out neither run out nor catch.,Some black magic is going against India for last 10 years.
2016 T20: 2 no balls and dropped catch
Ct2017: no ball
2019 wc: top order collapse and dhoni run out 
2022 T20 wc: not even a single wicket. Very rare
2021 WTC final: rain ruining the momentum,Ig woh sirf gurbaz ko catching practice deta hai, not for rahul!,Ahhh!!for next 10years ict fans will keep singing to this tune.
Bogan Bradman coming for another one.,Why reimd this brooo ğŸ« ,Will we have quarterfinals in this year's T20 WC ?,ğŸ¥¹,Bhai mai 5 saal baad dekh rha tha Cricket only because bhut acha team the India k iss bar par we didn't succeed. I know WC aata jata rhega par ye loss mere ko dubara 10 15 saal tk cricket na dekhne k majbur kr diya hai. Last time bhi aise hi jb hare the uske baad se mene band kr diya tha dekhna cricket. I don't ki ab Mai kb dekhunga cricket dubara. Baki poster dekh k acha laga kolakata wins this year ipl. Kitna painful hai wo din aise hi yaad mat dilya kro Bhai tum bhut bura lagta hai ye sb yaad kr k. ,What we need to understand is that SRH played a extremely aggressive brand of cricket this year. It worked for them most of the times which is why they went into the finals, but it is also a high stake strategy, which can go wrong at times. Yesterday was one of those days when it didnâ€™t work. On the other hand KKR played all round cricket and almost their entire team stood up at diff times in the tournament. A well knit team with good leadership and management at the helm. Proud of our cup win after 10 yrs.,We should be absolutely demolishing these teams if we had good selectors and coaching. Clearly inferior teams but we end up in close matches. In the T20 world cup we should win every game by at least 20 runs or 10 balls. Nobody plays cricket outside the subcontinent and we still manage to lose to them. Wasn't our day should mean winning with a smaller margin, not shamelessly losing against a country that doesn't even care about cricket,That's what happens when you try to cheat. Bcci was cheating, and that's why we lost.",https://v.redd.it/oj96ub0obs2d1,It just wasn't our day ..,https://old.reddit.com/r/ipl/
"Chef's kiss,Maiden wicket over in IPL final ğŸ«¡ğŸ«¡,His performance has been badass throughout the season. Got banned for a match for no solid reason still took crucial wickets for us.,Blud led the Kkr pace attack when Starc wasn't performing and took 19 wickets in 13 matches. Delhi boys and KKR are the perfect match!,I hope he plays next year as well..,They just gave him a tree ğŸŒ³. Thatâ€™s not justice,No hate to NKR but Harshit is clear of him anyday,They gave it to NKR lol. BCCI still salty.,Sai sudarshan 12 matches 500+ runs including a century.,WTF is SKY doing there he's already 33 soon to be 34,Brotha was robbed ngl,Was surprised he didn't get it actually ,Oh, I'm an SRH fan btw,Votes nahi diya logo ne,Him and NKR are the finds of the season for team India. NKR can be our Kallis while Rana our Steyn.,Shashank SinghğŸŒš.,Rana is the most deserving one. We can see the future strong for Indian bowling attack,Vaibhav Arora for me is a better find than Harshit. Don't get me wrong. Rana has done really well in the middle overs and at death even. But the way Arora swings the ball, my God.,He truly has the potential, he needs to be taken care of.,Unrelated but Nitesh Reddy seems like a genuine all rounder who can bowl bat and field. India should try him out and then we can finally be relieved of dependence on Hardik.,I think Reddy is given award to balance it out ... Give some award to losing team ...,Not to take anything away from NKR or Rana, but mayank yadav would have been a top contender if he didnâ€™t get injured,He carried the pace bowling attack for kkr throughout the season until starc shows his true potential,I wouldâ€™ve voted for JFM,Nitish reddy,He made kavya cry .. he is banned for life,How dare you say that?? You are also banned from conversations /s,But on a serious note, I have to agree with you.,But yeah that flying kiss in the end got him banned for 2025. See you KKR family in 2026 ğŸ’œ,15 crore in next mega auction ğŸ”¥ğŸ”¥,Harshit Rana is banned,from awards",https://i.redd.it/92kkc5vu2t2d1.png,"19 wickets, 1 match ban, 2 washouts. If he's not the emerging player, don't know who is",https://old.reddit.com/r/ipl/
"He did it again during the presentation ceremony. Dude is in love with ban Harshit Rana memesğŸ˜‚ğŸ˜‚,I think he was banned before from entering Wankhede. This time he did a bigger crime, by having back of his young player.,He takes ""Iss team ka gunda main hoon"" very seriously,Shahrukh and harshit. Banbros.,One of the GOAT owners,context?,SRK is such a troller...He loves playing with the authority (here BCCI, a typical Delhi trait) absolutely love this guyğŸ˜ğŸ˜,chad owner",https://v.redd.it/7jk8kt2sjt2d1,BCCI banning SRK from attending matches,https://old.reddit.com/r/ipl/
"""I didn't expect this match to be so one-sided."",I mean everything went to shit for srh in this game worst game of the season and it's the final I feel for them.,3rd ipl trophy for KKR ğŸ†,Boring Sunday, one sided final and Monaco GP.,Initials spells from starc are absolutely best. He is the one who actually makes the whole difference from the very start. Be it qualifier 1 or in the final.,24CR wali deliveryâ€¦.,Kya fayda 270+ scores ka, jb final mein 115+ bhi na ho paaye,Why tf they chose to bat first,The most dominating performance by a side in an IPL final and one of the biggest choke of all time by srh . Although i hoped for a kickass final but this is what it is ,Congrats KKR on winning 3rd , one of the greatest IPL franchise of all time,SRH :- Sunil Russel Harshit,IND IN IND VS AUS = SRH IN SRH VS KKR :31673::31678::31678::31678::31673:,Did not expect the finals to be one-sided,Lowest total in the finals,Highest ever IPL total and lowest ever IPL final total. Both belongs to SRH.,Maja aagya bowling dekhke ab srh kaisi bowling karti hai wo maja aayega kitna exciting match hai yaar ese low scoring wale match dekhne mai maje aate haiğŸ’¦ğŸ’¦,I believe in miracles,Uhh English guy here, Can anyone mention the name of the girls the camera kept showing?? ğŸ˜…. For research purposes ofc,The pitch is extremely slow. Hope SRH gives a fight at least and make it worthy of a final.
PS- I see a lot of KKR fans here. Might get bashed for my comment,SRH WILL WIN,Each bowler did fantastic work. The line and length was awesome. Fielders did their part diligently. 
Now onto battingâ€¦Hope KKR win.
They absolutely deserve this trophy. Theyâ€™ve been consistent and disciplined.,We usually pet RCB but this season SRH joined that list,Real,SRH of 2013, 14 defended these scores for fun,Bekar ka hype bada diya SRH ne final me ake......... ,19 ke baad 26,Shreyas Iyer taking revenge for the WC finals! ,Give this man a contract BCCI :-),Also let GG be the new coach for ICT!,It took the final for everyone to realise that after head and Abhishek no one can bat for srh. In bowling too, bhuvi and nattu have been giving on and off performances, but see kkr 5 bowlers with 15+ wickets.,From 270+ to 113 all out. SRH came a long way for sure,Never been such a big fan of kkr but lately there performance in this season was quite out of the blue. They deserve the trophy for sure.,Let cummins feel what we felt in 19th NovğŸ˜‰,Chalo sabkuch script keh hisab se hogaya,KKR will finish in 13.4 overs with 8 wickets in hand. Masterclass from Sheheruk Lhan,Wtc 2023 , odi 2023.. sabka badla lega re Tera Gambhir..,Oh my gawd C - dawg ğŸ¤£,Australians be like.. ab samjha poora tournament lead karke haarne mein kaisa lagta hai.. ğŸ™ƒ,I jinxed them maybe,Finally KKR lifts the THIRD title..
Congratulations Shreyas Iyer & Gautam Gambhir.....,Congratulations to KKR and their fans! Deserved winners,Record breakers for sure.,They would have been bundled out of less than 100 is Starc had taken Cummins' catch.,I had predicted the winner of last 5 IPL matches here: ,Well deserved,Im thinking about kavya...,Ye match fix krwaya hai srk ne,This proves low scoring matches are not so thrilling,KKR can still choke :(,SRH should make a comeback to silence all these jumping celebs.,Most boring final ever.",https://i.redd.it/ad4ky6keks2d1.png,"SRH register the lowest total in IPL final, KKR need 114 runs to win IPL 2024",https://old.reddit.com/r/ipl/
"Most boring final & most dominated season by kkr,Call it boring or whatever. KKR dominated like hell after that horrible loss to PBKS.,Boring for cricket fans but exciting for kkr fans... but it was well deserved win for kkr,This is probably the strongest KKR has ever been even in 2014 they were struggling initially. Here it was like they were way above every other level,dominated so hard that we made the final boring.,
unreal shit.,Absolutely lovely final for a kkr fan!! Loved this one sided domination.,Thank god srh bottled the finals now rr vs gt is second most boring final,Now hire this MENTOR for the Indian team!,Match ended by 10.30 pm, one of the earliest endings this season. Totally dominated by KKR.,Blame SRH for the borint match kkr was at its all time best performance,Most Dominating*,Saying the most boring is like insulting KKR's efforts.,Strategic won by KKR this year.,Look at his fucking face. Man lives up to his name.,What a dominating final... This final showed dominance. Yess it wasn't a nail biting final, but that's what cricket is.. U never know it's not a reality show,mujhe toh as a SRH supporter ( after MI) 19 nov  ke flash backs aa gaye .,Most dominated tournament ever.,By far the most dominant season in IPL in a long time. ,Last time more points were scored in the league stage was by KXIP when they got 22 points in 14 games back in 2014.,The highest NRR ever in an IPL season.,K O L K A T A =7
Thala for a reason ğŸ”¥,If a team plays 10x better than the opponents then we can't offer you much entertainment. KKR is anyway habituated with ""boring"" matches. We knocked out RCB for just 49 runs.,Srh should have scored 280+ and KKR would have chased it by 18th over.,Boring ki jagah dominating zayada suit krta KKR ka dominance is season next level tha...,I really wanted SRH to score 250+ so that kkr Could chase it down easily.,Jo bhi bolo maza toh aaya ğŸ¤©,Blame the team, not the game.,Honestly,it was not boring 
I mean it would have been if kkr took 14-16 overs to chase the target 
But they did it within 10 overs only,It was boring because from the starting of ipl 2024 season Kkr dominated almost every team it played. In the middle of season Kkr faced a setback and then made comeback again by playing one sided match against each and every team.,Along with KKR the other 3 teams qualified for playoffs was too weak to even compete with KKR. This is was it made this season boring.,Ye GG kabhi hasega kya,It's a conspiracy by Jay Shah to make sure nobody calls the IPL fixed ğŸ¤£ğŸ¤£,Vibes wise MI 2020 is most dominating but stats wise it's kkr 2024.,Most Dominated* would be the correct word,Idk about u but Mujhe to bada maza aaya final dekh ke.,Especially when it had srh, can't believe they made most 250+ scores in any ipl, blitzkrieg!!!,The boys just dominated too easily! Most boring? More like quickest.,They're like the Black horse of Ipl. No matter what happens they'll always have the potential to defeat the current strongest team regardless if they become the champion or not.,I mean they consecutively work 10 matches and most of those matches were one sided freak show ,So KKR has been soo good after 10 years and thanks to Iyer, mgmt and GG for making KKR strong,I think it was Rajasthan royals to some extent in the FIRST season, they only lost a few matches in the beginning. Later they hardly lost any,I have seen the third time such types of dominance by team in entire ipl history. 2008 - Rajasthan Royals, 2022 - Gujarat Titans, 2024 - Kolkata knight riders.,Don't know how you guys see this but this is the lowest total in a final in the history of IPL. So lads cheer up you may not support any team but don't demotivate others by saying it was boring. The bowling unit did their best in this final and you say boring... Then you are not able to entertain yourself.:31678::31666::31666::31666:,Up there with MI 2020 definitely. Nearly all players in form. 4 bowlers took around 20 wickets each. Rinku was disappointing but Russell didn't let it affect much. Narine the best he's ever been. Both Iyers playing responsible knocks when the top collapsed. Salt and Raghuvanshi played well. Ramandeep often the partner in crime for Russell.,I slept as soon as KKR crossed 10 overs in their batting. ,:X,Yes - SRH fan ,Absolutely fantastic season for KKR,Let me also see how they are going to retain all these players.....lol,Now shreyas be like koi akele trophy nahi jitata,so happy for kkr fans,for SRH fans may be,Both in Starc and Vaibhav's overs, the ball is swinging like crazy
This is why the bowlers are very important,Koi bhi credit iyer ko nahi deta... Sab sirf gg ko dete hai,1 chakke ne nahi ...2 chakko ne 2011 worldcup jitaya... (Actually there are only two 6s from India team in finals),Although kkr was phenomenal, it was  boring to watch the match.,Most dominant and interesting was in 2012 .this was very easy n boring.,Appreciation for Chandrakant Pandit too. Former India and Mumbai WK batter and the most successful coach in the Indian domestic scene.,Yes he is true og,KKR choked srh into submission,:31678:,A very dominating season for KKR. (Loved it),1st inning was fun but damn in the second inning I was like ""just get this over with man"",I guess most of the team has done it well,If they win the next ipl then yes,People seem to forget about chandrakant pandit,Ek coach ne ipl trophy nahi jitayi,Most boring ipl final? Bruh for me it was so satisfying, seeing Pat Cummins losing a final. I am happy Indian player won the trophy. It was worthy of a final for a bruised Indian fan after the world cup loss. Thoroughly enjoyed Cummins Head on the platter.,Most boring ipl final? Bruh for me it was so satisfying, seeing Pat Cummins losing a final. I am happy Indian player won the trophy. It was worthy of a final for a bruised Indian fan after the world cup loss. Thoroughly enjoyed Cummins Head on the platter.,Rajasthan Royals was playing Fantastically in the League matches but at the end, they seriously messed it up so bad ğŸ˜’,When teams were making 400+ in each match people were mad about it, because flat pitches, run fest bla.. bla... when bowlers outclass batsman they are again mad about it, boring final. Just decide what you want.,Short answer, yes,Long answer, head and shoulder and miles above any other team in the tournament. Only Rajasthan looked to come close, but fizzled out halfway through. ,Every single KKR player was consistent. So much so, that heavyweights lijiye Rinku Singh and Russell were almost deemed irrelevant to the batting. The one match Manish Pandey came, in he contributed massively. Nitish Rana made a 22 ball 33. Angkrish Raghuvanshi came good in his absence. And the bowling... Can you imagine a bowling attack where the hero of the playoff and the final was the worst bowler in the team overall? KKR was invincible this season. Salt went out and it just didn't matter to the team composition. Dominance. Utter outright doninance,RR deserved to win.. ğŸ˜¢. They were going really good, but chocked,Hush now orange clowns,I think if it was csk or mi in the final and won it like this, no one would be saying it was a boring final or one sided but rather would have been appreciating the captainship of either teams and would be singing praise of the domination as it's something associated with mi and csk. But kkr did the same this season and everyone's like there is no hype and if it was the other way around everyone head over heels for mi and csk. Kudos to kkr for this dominating performance and shake the established powers in IPL.,Mumbai Indians 2020 was the most dominant side!!,Absolutely boring not Intersting at all Iâ€™m expecting a gud match but if itâ€™s a league match that also boring but a true cricket fan agree with me that this is not the final we wanna see,When totka meets biryani ğŸ˜‚ğŸ˜‚ğŸ˜‚ğŸ˜‚,Rigged ipl,It wasn't a boring final. That's what dominance looks like if it's not your team winning. ,We were used to mediocre bowlers before. So we always expected a last over finals. ,For once we have an actual World Class bowler who owns knockout stages and he actually did that.,If you are neutral then you should be happy that this league standard has gone up.,It looks boring to some people because everyone in KKR did their job so well, it need not have to be dragged to the last over. If some KKR bowlers fumbled and added more runs, if some KKR batters were out on zero, these last over victory enthusiasts would have had their dream final and would have stopped complaining.,I'm just confused about why GG gets credit for KKR's dominance. He is a mentor, not a coach.
No one praised Sachin (Mentor) when MI was dominant.,GG is a fine player (probably a fine mentor too) but I'm just confused why he should coach India when he doesn't even coach KKR.,Bhai mujhe Zara batana Shreyas ne kaha captaincy dikhai final me? ,Maine bhi wahi match dekhe Jo tumne dekhe",https://i.redd.it/772oh1rj0t2d1.jpeg,Top drawer stuff KKR and excellent captaincy by Shreyas. This has got to be the most boring IPL final ever,https://old.reddit.com/r/ipl/
"We got Rinku singh winning trophy before Virat Kohli and GTA 6,Lifetime ban for harshit rana on winningğŸ†,Man after 10 years it feels so nostalgic,Congrats to KKR, but SRH made this match incredibly boring.,For a man who devised all sort of plans in CWC Final, Cummins was clueless this evening.,And kudos to Shreyas Iyer. He is not being appreciated enough. Sure, there is Gambhir in the dressing room, but it's Iyer who has successfully implemented all those strategies.,Congratulations KKR, well deservedğŸ«¡,Damn did they obliterate SRH today , ngl very unexpected match imo , goated performance by KKR today,After 10 years of waiting so happy for them!,Complete and Utter domination ğŸ¤ŒğŸ¤Œ,Dhoni won 2011 wc 2011 ipl and was about to make a hattrick by winning 2012 ipl but gg broke his hattrick at chepauk,Cummins won 2023 wc 2023 wtc and was about to make a hattrick by winning 2024 ipl but gg broke his hattrick at chepauk,Undisputed best team in IPL 2024,Narine's birthday gift,GG ğŸ”ğŸ›,Gg's aura was too strong for cumdawg,GG is the missing key to beat Australian mentality and he should be the next ICT head coach. But it's unfortunate that our players with massively inflated egos won't allow him to survive. They don't want a coach, they want a yes man.,Hyderabad fans should consider themselves lucky they faced rcb 2 times in final otherwise they would have zero trophies too .,Ban Rana from next IPL for celebrating earlyğŸ˜ˆ,We beat the Drake curse!! Let's go MF!!!,Pichle saal owner ne comeback Kiya iss saal team ne..
Well played kkr ğŸ¥‚ğŸ¥‚ 
You deserve this after such a amazing tournament start,The way this sub was worshipping Cummins last few days about his mindset you would think srh had already won the trophy. Shreyas and gambhir silenced srh fans pretty hard.,After 10 long years, finally!!!,Love you guys, each one of you
played like Champions.,Supporting this team all these
years was a rocky ride but they
made it worth it.,It was a completely one-sided
domination.,Abhishek Nayar and GG have
been fantastic for the team and
Shreyas lyer proved to be a
brilliant skipper.,I still remember Piyush Chawla hitting the winning runs in 2014, you made me relive that day.,Korbo Lorbo Jeetbo,Wont see that silence gif for sometime only good thing with this,Probably one of the most dominating performance by any particular side in an IPL final . Congratulations to all the kkr fans ,3rd best IPL team of all time .,silencer got humbled thank you gg â¤ï¸â€ğŸ”¥,Mazaa aa gaya iss season ğŸ‘ Well deserved team for the title ğŸ”¥,GG is the missing key to beat Australian mentality. He should be ICT's head coach. But it's unfortunate that our players with massively inflated egos won't allowing him to survive.,Absolutely top tier coaching done by GG .,Best thing is everyone contributed in KKR, real team effort.,Gg ne mera dil nhi tutne diyaâœ¨ğŸ¥³,KNIGHTS IN SHINING ARMORğŸ’œğŸ’œ,Congratulations ğŸ‘ğŸ»,No hate to the real SRH fans. But I love how KKR humbled all those plastic fans who wanted to thrash Harshit and KKR in Qualifier 1 and later in the Final just because Harshit flying kissed Mayank.,Let's go baby. We will be donning the 3rd star. ğŸ’œğŸ’›,The op flair checks out. ,But seriously congrats to gg the no nonsense approach is something which Indian cricket is missing right now. Congratulations KKR ğŸ†,KKR chased the target in 10.3 overs,
10 - 3 = 7
Thala for a reason!!,You canâ€™t beat the Korbo Lorbo Jeetbo,Nice ğŸ‘Œ,Kohli bhaiya firse bat wapas lelenge Rinku se,League toppers and championship double,Most Dominant Team in IPL History!!!!!,A total team effort, if ever there was one! Very very well deserved. The best team of the IPL this year won it.,Drake right now:,But very well deserved KKR!!,Bluds batted like their NRR is going to get carried to the next season,KKR for life,Seeing kkr win the ipl cured my depression,seriously it was one of the most one sided match I have ever seen,Congratulations Hyderabad for dropping a tatti performance and taking all the excitement out of this final.  Most one-sided IPL final we will ever see.,Real winner is drake ğŸ˜‚,Finally, the era of blue and yellow is over and purple glory has been restored. 10 whole years man, it's been a long wait.,We are the winners!!!!!,What a season...pure domination , a complete team effort and special shoutout to Iyer for his captaincy.,Itni siddhat se mene tumhe pane ki koshis ki hai.. ğŸ†,Apology from for s Iyer where,Itni siddhat se mene tumhe pane ki koshis ki hai.. ğŸ†,The most boring match ever,Drake is surely the happiest guy right now,Congratulations kkr ğŸ‡ğŸ‡,That was totally one sided match ,,kkr really played well ,, congratulations..,Congratulations kkr the best team won ğŸ‘ğŸ‘,This is called domination :31666:,Gg KKR â¤ï¸ğŸ’–,Even as a SRH fan 
No words ,Just brilliance from KKR this year 
They deserved it way more than SRH we rode our luck and it got us only so far,Shreyas iyer is still being talked about very less... Abhishek nayyar, GG make a really wonderful coaching staff. But, his role as a captain in utilising his bowlers very well was just as important too. It's not like GG gives orders for every field change or bowling change. It was a poor season with the bat but he has been an excellent captain...,Congrats to the champions, well deserved victory!,The fact that harshit rana is banned for 10 months,Why all finals are one sided .
1.) the finals are the real match and other matches are fixed.
2.) The finals are fixed and other matches are real.,Just speechless,Korbo Lorbo Jeetbo,The played a next level cricket this season.,Well, KKR won but at what cost since everyone thinks it was fixed from the start. Everyone said it 10 days ago.,Kolkata Knight Riders ğŸ†ğŸ†ğŸ†,We really did it guys !!!!!,Gauti did,Well deserved!,Bois, we won the cup! King Khan rules forever!,traumatic experience it was as a srh fan,Congratulations to KKR and their fans, you have outplayed us in every aspect. ,I'm really proud of our resurrection, from bottoming the table for. 3 years to playing finals. If only we had the fairy tale ending. Nevertheless, I'm really proud of the boys. KKR truly deserved it.,Ami KKR,3rd one in the cabinet many more to come GG is here opponents be very scared,:31678::31666:,The wait of 10 years is finally over! ğŸ† ğŸ† ğŸ†,After investing 2 months we definitely didnâ€™t such boring finale . Absolute waste was todayâ€™s match !!,Thank you so much. ğŸ˜­ğŸ’œğŸ˜­ğŸ’œ. Love Love Love my team. Thank you SRH. Thank you RCB (keeping CSK hehe, kidding). Thank you to all the teams this season, for keeping us entertained. Thank you Jay Shah for the Script . This was a GOOD season. Have fun. Love you all. Thank you Cricket. â¤ï¸,Peak bowling performance by KKR. SRH should have taken to bowl first and tried to chase the target. Due to the collapse of openers, the pressure was so high on top and middle-order batsmen that they could not perform well. It was a completely boring match that didn't even feel like finals. SRH league matches were more amazing to watch. Domination by KKR :31678:,10 saal ke baad. What an end!,Korbo Lorbo Jeetbo â¤â€ğŸ”¥,:31678:,Finally SRK,KKR too op for srh,Deserving through out.
On a loghter note they got 20 cr as the winning money and Starc ka bill bhi reimburse hgyağŸ˜… after he performed the way he did in the last few games. A perfect season.,Purple forever,Abhishek Sharma just realised the difference between domestic Ranji and international bowling. Welcome to real cricket,which one is stronger -,
MI 2020 vs KKR 2024?,Tech support team?,Congrats KKR ,Ami kkr,Harshit Rana has been banned for winning this IPL,God's plan,congratulations to kkr for winning the final and to srh for winning against rcb at choking,This pic should have Gambhir's face too! what a job done,Fuck that, whereâ€™s imagine dragons performance ?,KKR is the new Man City,Well done KKR.
Thoroughly deserved!,Yipeee,Why is the dude on the left sucking dick?,If srh captain was Indian people would have obliterated him. But thankfully he is Aussie.,I expected CSK to beat RCB and go to the finals and then probably lose but no RCB got the chance and fumbled hard. At the least I wanted the season winners to be RR.,Instead it's KKR that won the season. Another cup to shut RCB fans. If SRH had won, same result. ,Don't worry RCB fans, your women's team will protect your honour by probably winning another cup for the team.,How does it feels like to win ğŸ™ ?,Very close match,Drake won his betğŸ˜‚,Petition for GG to be India Team Coach â—,Aami kkr,Gambhir ko coach banane k liye mujhe Thala ne hi bola tha -SRK",https://i.redd.it/s2qwg6zwws2d1.jpeg,Kolkata Knight Riders are the champions of IPL 2024. Congratulations.,https://old.reddit.com/r/ipl/
,https://v.redd.it/ijmklcyfyv2d1,Revisiting the old memories âœ¨,https://old.reddit.com/r/ipl/
"Kkr was a better team,Srh made it to finals bcz of cumdawg captaincy. ,Not every game can be won by captaincy when the opposition is in form and tactical as much as you,Before we praise one man, like GG would always say, praise everyone. Even he would want the same.,Not obsessed with individuals.this kkr team is better than prime 2020 MI,Ek MENTOR ne trophy nahi jeetwayi thi....,It's not an individual sport guyz. If it was ,everybody knows who would have most trophies. Start criticizing as well as giving credit to team not to an individual.,His exit from politics might be the part of a new move. He may be the next Indian coach.,KKR build this team in last 2-3 years,GG no doubt is emotion for us.But,this year we have every department checked.And luckily,with addition of Salt,the team was freaking outstanding.
But you can't deny that Cumdawg is one of the best captain,in the history of this game.SRH have few loopholes this year,but they overcome that and reached final,that is also amazing.
RR & CSK were unable to handle their loopholes this year, CSK got some bad luck with injuries.
RCB on the other hand, surprises everyone and they have played more than their capabilities in second half, considering the bowling attack.
DC- The selection of perfect 11 cost them this tournament, otherwise they were pretty strong side this year,Why no one giving any credit to Shreyas Iyer?
Its like everyone ignored him,No, KKR won as a team (includes staff). Don't undermine the team's effort.,i hate this one person worship thing (be it for gambhir, cummins, kohli, or dhoni). gautam gambhir is not the reason they won. he has been with the team for several years now, so why didnt they win in previous years? they were clearly the best team this ipl by a wide margin and while gambhir surely helped, he is not the reason they won,GG is a great mentor, his track record speaks volume, qualified for all playoffs as a mentor. And, let's stop giving whole credit to one man: they can uplift team, find right combinations and guide the team. It's collective contribution from players which makes a team lift trophies.  ,SRH heavily depends on Openers, if they don't score, mostly it's game over for them, as middle order is unreliable and doesn't contribute much, doesn't have any quality spinners, yet they somehow made this far, which is startling. KKR this season is easily one of the strongest team in IPL history. Almost all KKR players contributed in team success, as many where in form, consistently performing well for the side, they deserve to win this tournament.,Slumdog's dig at Cummins is deplorable; He struck fear in all opponents with his gameplay and approach. Also, his contribution towards SRH is unparalleled, consistently performing both with bat and bowl accordingly to need in hour. Cummins, Gambhir or anyone else needs a team, inform players to win ""Trophies"". period.    ,Cummins is highest scorer of SRH in today's match, there isn't much one can do, when others aren't contributing and assisting him from other ends(bat & bowl). Whether you like him or not, he is a fascinating cricketer and a champion. ,Congrats to KKR!,Kkr captain,, got this win an dhis players did ,, not only gg,Gambhir is the anti choking giga Chad. Was the best batsman in both wc finals we won. Nerves of steel.,Indians praising something/someone without dragging something/someone down challenge: IMPOSIBLE,GG has the right mentality,KKR is a super team,SRH is a mediocre team that got carried by Cummins and a few others,Why Pat cares about a club team bro, he stole 2 trophies from ICT ğŸ«  and performed for his National side,Not only GG, but also   pandit and abhishek nayyar.,In order to win against a mastermind like Cummins we need another mastermind like GG.,Honestly Shreyas Iyer and head coach should be valued more not like GG is bad and all but his work is  like assistant coach so if fine players are having issues/ inconvenience/ sharpening or polishing the defined skills that's  the job of mentor ,Just my thoughts cause people are excluding Shreyas Iyer,The mentor didn't win the game, the team did,So ironic that GG was speaking out against hero worship and now people are doing it to him. Give the players some credit ffs.,"" ekk chake ne world cup nehi jeetaya he "" just saying,Average Delhi guy with ego issues.,Why do you lot always wanna pick one individual from a team to dick ride?  No wonder ICT doesn't win shit, it's a team game ffs.,GG is great in many ways, but his â€œIâ€™m so different from everyone â€œ shtick is very cringe lmao. Like when he said Rashford over CR7/Messi. Dude tries too hard to be alag. Plus heâ€™s been a failure of a politician.,EPIC,Not sure if people saying, ""it's not a 1 person thing"", stick to the other similar scenarios as well. Yes it's true though that it was a team effort., but mentorship and coaching does count a good %. So credits go to GG as well., He rocks in this role.,GG is the ultimate Gigachad.,Ahh people are treating him the way GG never wanted to be treated and have been very much critical of hero worshiping.,Instilling winning mentality is so important. Many teams do well until the knockout stage and then underperform, but this KKR unit didnâ€™t lose steam. GG is phenomenal, so is every other member, even the ones who donâ€™t play contribute in ways we cannot imagine. I desperately wanted an Indian captain to clinch the title against a proven winner like Cummins. What a win!,Srh was in the last position last year, to go to the final is an amazing achievement Cummins you beauty,24 cr were worth it and 20 cr tooğŸ¥¶ğŸ¥¶,He is the special one - Jose M,He will teach the team on how to cry for everything,WC mai le jao,anything to get us the cup,All the teams he mentored went to playoffs,Chandrakant Pandit left the chat,Final boss,Why are you all giving credit to him its a team effort - GG,Pat Cummins started to win Big events recently ( end of 22- 23 end ),While gambhir already coached kkr and won them 2 trophies 10 years ago.,So tactically gambhir was superior to Cummins.,But it's not even Cummins fault, head got scared of Starc and whole SRH batting line-up crumbled.,But still SRH finished 10 , 8 and now they were in final.,Hopefully if Cummins stays they will win atleast one trophy.,ICT team needs that gambhir mentality.,Panga Lena hi kyu bekar me mai toh pehle hi bola tha Bina game ke trophy dedo bekar me beizzati hogyi SRH ki,If someone still doubts whether he shouldn't be the indian head coach. Pls kill yourself.,GG and co. bol,""ek chhakke ne match nahi jitaya."" ,We cannot credit GG for this win entirely however for building this team he has lion's share.,ek coach ne ipl nahi jitaya comment incoming,Too good a team, not undermining GG, but too good a team.,Why is a captain compared with a coach? Shouldn't it be Pat vs Iyer?,People will forget about this ipl win in next 2 days but nobody will forget how pat won the world cup!",https://i.redd.it/wt8f20rl1t2d1.jpeg,What Are Your Thoughts On Gautam Gambhir As A Mentor?,https://old.reddit.com/r/ipl/
"Two most serious men smiled today,Well played? They fucking dominated!!,The best team won ğŸ‘ğŸ‘,A picture worth framing! More because two most serious guys captured smiling in the same frame.,In the same frame too?! Never thought I'd see that xD,Why are they laughing? Its not like they have won the IPL or anythingÂ ,Â /s,This is the most precious photo and moment ever ğŸ’œ,We got to see GG and Narine laugh together before GTA 6,Now we saw everything in 2024,Wait what. Their smile came at the cost of one ipl trophyğŸ’€,Ye dono haste bhi hai ,lol,KKR played so well this season!! Deserved every bit of this winğŸ’œğŸ†,Absolutely goated photo ğŸ˜‚! Love it,I love the bond these two have!,LoL,Very very well played by KKR, and extremely deserved trophyâ¤ï¸,We got them laughing together before GTA VI,AI is becoming too real.,Strongest team on paper as well as field.,Edit hai ye photo",https://i.redd.it/qp3ypnl5ys2d1.jpeg,No way both are laughing together ğŸ˜­ğŸ˜­ Well Played KKR,https://old.reddit.com/r/ipl/
